gene	O_p	O_c	brp	E_pc	O_pc	R	poisson_p_value
ENSG00000001629	1	0	1	0.05554203	1	18.004383347169703	0.05402773637935698
ENSG00000000003	0	0	2	5.43e-06	0	0.0	0.9999945700147425
